Memory,Sort_merge,Simple_Hash,Grace_Hash,Hybride_Hash,IndexR cartesian
13,4.479944801330566,8.538751029968262,2.1575411796569823,2.0254378795623778,6.036329889297486
59,2.9634759426116943,1.2767571926116943,2.0990004539489746,1.0630617618560791,4.90345778465271
103,2.474880075454712,0.3612006187438965,2.1981210231781008,0.3525391578674316,3.589652967453003
250,1.2664055347442627,0.3844021797180176,1.97466983795166,0.38576178550720214,3.2050535678863525
