Memory,Sort_merge,Simple_Hash,Grace_Hash,Hybride_Hash,IndexR cartesian
13,4.685523748397827,9.40981388092041,2.1792821884155273,2.119002342224121,6.143011808395386
59,3.3680238723754883,1.3563950061798096,2.312983274459839,1.1480035781860352,4.989009380340576
103,2.5980138778686523,0.34800028800964355,2.303004741668701,0.35899877548217773,3.595005750656128
250,1.2050018310546875,0.35000038146972656,1.9430255889892578,0.34999990463256836,3.1796693801879883
