Memory,Sort_merge,Simple_Hash,Grace_Hash,Hybride_Hash,IndexR cartesian
250,1.0441762606302898,0.3429994583129883,1.6641345818837483,0.3433450063069661,3.149759292602539
250,1.1030486424763997,0.35267051060994464,1.6811189651489258,0.3446672757466634,3.1803931395212808
250,1.1241512298583984,0.3893876075744629,1.8443509737650554,0.37833690643310547,3.4497427145640054
